fullName,name,parkCode,designation,states,url
Abraham Lincoln Birthplace National Historical Park,Abraham Lincoln Birthplace,abli,National Historical Park,KY,https://www.nps.gov/abli/index.htm
Acadia National Park,Acadia,acad,National Park,ME,https://www.nps.gov/acad/index.htm
Adams National Historical Park,Adams,adam,National Historical Park,MA,https://www.nps.gov/adam/index.htm
African American Civil War Memorial,African American Civil War Memorial,afam,,DC,https://www.nps.gov/afam/index.htm
African Burial Ground National Monument,African Burial Ground,afbg,National Monument,NY,https://www.nps.gov/afbg/index.htm
Agate Fossil Beds National Monument,Agate Fossil Beds,agfo,National Monument,NE,https://www.nps.gov/agfo/index.htm
Alagnak Wild River,Alagnak,alag,Wild River,AK,https://www.nps.gov/alag/index.htm
Alcatraz Island,Alcatraz Island,alca,,CA,https://www.nps.gov/alca/index.htm
Aleutian Islands World War II National Historic Area,Aleutian Islands World War II,aleu,National Historic Area,AK,https://www.nps.gov/aleu/index.htm
Alibates Flint Quarries National Monument,Alibates Flint Quarries,alfl,National Monument,TX,https://www.nps.gov/alfl/index.htm
Ala Kahakai National Historic Trail,Ala Kahakai,alka,National Historic Trail,HI,https://www.nps.gov/alka/index.htm
Allegheny Portage Railroad National Historic Site,Allegheny Portage Railroad,alpo,National Historic Site,PA,https://www.nps.gov/alpo/index.htm
Amistad National Recreation Area,Amistad,amis,National Recreation Area,TX,https://www.nps.gov/amis/index.htm
American Memorial Park,American Memorial,amme,Park,MP,https://www.nps.gov/amme/index.htm
Anacostia Park,Anacostia,anac,Park,DC,https://www.nps.gov/anac/index.htm
Alaska Public Lands,Alaska Public Lands,anch,,AK,https://www.nps.gov/anch/index.htm
Andersonville National Historic Site,Andersonville,ande,National Historic Site,GA,https://www.nps.gov/ande/index.htm
Aniakchak National Monument & Preserve,Aniakchak,ania,National Monument & Preserve,AK,https://www.nps.gov/ania/index.htm
Andrew Johnson National Historic Site,Andrew Johnson,anjo,National Historic Site,TN,https://www.nps.gov/anjo/index.htm
Antietam National Battlefield,Antietam,anti,National Battlefield,MD,https://www.nps.gov/anti/index.htm
Appomattox Court House National Historical Park,Appomattox Court House,apco,National Historical Park,VA,https://www.nps.gov/apco/index.htm
Apostle Islands National Lakeshore,Apostle Islands,apis,National Lakeshore,WI,https://www.nps.gov/apis/index.htm
Appalachian National Scenic Trail,Appalachian,appa,National Scenic Trail,"CT,GA,MA,MD,ME,NC,NH,NJ,NY,PA,TN,VA,VT,WV",https://www.nps.gov/appa/index.htm
Arches National Park,Arches,arch,National Park,UT,https://www.nps.gov/arch/index.htm
"Arlington House, The Robert  E. Lee Memorial","Arlington House, The Robert  E. Lee Memorial",arho,,VA,https://www.nps.gov/arho/index.htm
Arabia Mountain National Heritage Area,Arabia Mountain,armo,National Heritage Area,GA,https://www.nps.gov/armo/index.htm
Arkansas Post National Memorial,Arkansas Post,arpo,National Memorial,AR,https://www.nps.gov/arpo/index.htm
Assateague Island National Seashore,Assateague Island,asis,National Seashore,"MD,VA",https://www.nps.gov/asis/index.htm
Atchafalaya National Heritage Area,Atchafalaya,attr,National Heritage Area,LA,https://www.nps.gov/attr/index.htm
Augusta Canal National Heritage Area,Augusta Canal,auca,National Heritage Area,GA,https://www.nps.gov/auca/index.htm
Motor Cities National Heritage Area,Motor Cities,auto,National Heritage Area,MI,https://www.nps.gov/auto/index.htm
National Aviation Heritage Area,National Aviation,avia,Heritage Area,OH,https://www.nps.gov/avia/index.htm
Aztec Ruins National Monument,Aztec Ruins,azru,National Monument,NM,https://www.nps.gov/azru/index.htm
Badlands National Park,Badlands,badl,National Park,SD,https://www.nps.gov/badl/index.htm
Baltimore National Heritage Area,Baltimore,balt,National Heritage Area,MD,https://www.nps.gov/balt/index.htm
Bandelier National Monument,Bandelier,band,National Monument,NM,https://www.nps.gov/band/index.htm
Baltimore-Washington Parkway,Baltimore-Washington,bawa,Parkway,MD,https://www.nps.gov/bawa/index.htm
Bering Land Bridge National Preserve,Bering Land Bridge,bela,National Preserve,AK,https://www.nps.gov/bela/index.htm
Bent's Old Fort National Historic Site,Bent's Old Fort,beol,National Historic Site,CO,https://www.nps.gov/beol/index.htm
Belmont-Paul Women's Equality National Monument,Belmont-Paul Women's Equality,bepa,National Monument,DC,https://www.nps.gov/bepa/index.htm
Big Bend National Park,Big Bend,bibe,National Park,TX,https://www.nps.gov/bibe/index.htm
Bighorn Canyon National Recreation Area,Bighorn Canyon,bica,National Recreation Area,"MT,WY",https://www.nps.gov/bica/index.htm
Birmingham Civil Rights National Monument,Birmingham Civil Rights,bicr,National Monument,AL,https://www.nps.gov/bicr/index.htm
Big Cypress National Preserve,Big Cypress,bicy,National Preserve,FL,https://www.nps.gov/bicy/index.htm
Big Hole National Battlefield,Big Hole,biho,National Battlefield,MT,https://www.nps.gov/biho/index.htm
Biscayne National Park,Biscayne,bisc,National Park,FL,https://www.nps.gov/bisc/index.htm
Big South Fork National River & Recreation Area,Big South Fork,biso,National River & Recreation Area,"KY,TN",https://www.nps.gov/biso/index.htm
Big Thicket National Preserve,Big Thicket,bith,National Preserve,TX,https://www.nps.gov/bith/index.htm
John H. Chafee Blackstone River Valley National Heritage Corridor,John H. Chafee Blackstone River Valley,blac,National Heritage Corridor,"MA,RI",https://www.nps.gov/blac/index.htm
Black Canyon Of The Gunnison National Park,Black Canyon Of The Gunnison,blca,National Park,CO,https://www.nps.gov/blca/index.htm
Blue Ridge Parkway,Blue Ridge,blri,Parkway,"NC,VA",https://www.nps.gov/blri/index.htm
Blue Ridge National Heritage Area,Blue Ridge,blrn,National Heritage Area,NC,https://www.nps.gov/blrn/index.htm
Blackstone River Valley National Historical Park,Blackstone River Valley,blrv,National Historical Park,"RI,MA",https://www.nps.gov/blrv/index.htm
Bluestone National Scenic River,Bluestone,blue,National Scenic River,WV,https://www.nps.gov/blue/index.htm
Boston African American National Historic Site,Boston African American,boaf,National Historic Site,MA,https://www.nps.gov/boaf/index.htm
Boston Harbor Islands National Recreation Area,Boston Harbor Islands,boha,National Recreation Area,MA,https://www.nps.gov/boha/index.htm
Boston National Historical Park,Boston,bost,National Historical Park,MA,https://www.nps.gov/bost/index.htm
Booker T Washington National Monument,Booker T Washington,bowa,National Monument,VA,https://www.nps.gov/bowa/index.htm
Bryce Canyon National Park,Bryce Canyon,brca,National Park,UT,https://www.nps.gov/brca/index.htm
Brices Cross Roads National Battlefield Site,Brices Cross Roads,brcr,National Battlefield Site,MS,https://www.nps.gov/brcr/index.htm
Brown v. Board of Education National Historic Site,Brown v. Board of Education,brvb,National Historic Site,KS,https://www.nps.gov/brvb/index.htm
Buffalo National River,Buffalo,buff,National River,AR,https://www.nps.gov/buff/index.htm
Buck Island Reef National Monument,Buck Island Reef,buis,National Monument,VI,https://www.nps.gov/buis/index.htm
Cabrillo National Monument,Cabrillo,cabr,National Monument,CA,https://www.nps.gov/cabr/index.htm
Canyon de Chelly National Monument,Canyon de Chelly,cach,National Monument,AZ,https://www.nps.gov/cach/index.htm
Castle Clinton National Monument,Castle Clinton,cacl,National Monument,NY,https://www.nps.gov/cacl/index.htm
Cape Cod National Seashore,Cape Cod,caco,National Seashore,MA,https://www.nps.gov/caco/index.htm
Casa Grande Ruins National Monument,Casa Grande Ruins,cagr,National Monument,AZ,https://www.nps.gov/cagr/index.htm
Cape Hatteras National Seashore,Cape Hatteras,caha,National Seashore,NC,https://www.nps.gov/caha/index.htm
Capitol Hill Parks,Capitol Hill Parks,cahi,,DC,https://www.nps.gov/cahi/index.htm
Captain John Smith Chesapeake National Historic Trail,Captain John Smith Chesapeake,cajo,National Historic Trail,"VA,MD,DE,DC,PA,NY",https://www.nps.gov/cajo/index.htm
Cape Krusenstern National Monument,Cape Krusenstern,cakr,National Monument,AK,https://www.nps.gov/cakr/index.htm
California National Historic Trail,California,cali,National Historic Trail,"CA,CO,ID,KS,MO,NE,NV,OR,UT,WY",https://www.nps.gov/cali/index.htm
Cape Lookout National Seashore,Cape Lookout,calo,National Seashore,NC,https://www.nps.gov/calo/index.htm
Cape Henry Memorial Part of Colonial National Historical Park,Cape Henry Memorial,came,Part of Colonial National Historical Park,VA,https://www.nps.gov/came/index.htm
Castle Mountains National Monument,Castle Mountains,camo,National Monument,CA,https://www.nps.gov/camo/index.htm
Canaveral National Seashore,Canaveral,cana,National Seashore,FL,https://www.nps.gov/cana/index.htm
Camp Nelson National Monument,Camp Nelson,cane,National Monument,KY,https://www.nps.gov/cane/index.htm
Canyonlands National Park,Canyonlands,cany,National Park,UT,https://www.nps.gov/cany/index.htm
Capitol Reef National Park,Capitol Reef,care,National Park,UT,https://www.nps.gov/care/index.htm
Cane River Creole National Historical Park,Cane River Creole,cari,National Historical Park,LA,https://www.nps.gov/cari/index.htm
Carl Sandburg Home National Historic Site,Carl Sandburg Home,carl,National Historic Site,NC,https://www.nps.gov/carl/index.htm
Castillo de San Marcos National Monument,Castillo de San Marcos,casa,National Monument,FL,https://www.nps.gov/casa/index.htm
Catoctin Mountain Park,Catoctin Mountain,cato,Park,MD,https://www.nps.gov/cato/index.htm
Carlsbad Caverns National Park,Carlsbad Caverns,cave,National Park,NM,https://www.nps.gov/cave/index.htm
Capulin Volcano National Monument,Capulin Volcano,cavo,National Monument,NM,https://www.nps.gov/cavo/index.htm
Carter G. Woodson Home National Historic Site,Carter G. Woodson Home,cawo,National Historic Site,DC,https://www.nps.gov/cawo/index.htm
Chesapeake Bay Gateways and Watertrails Network,Chesapeake Bay Gateways and Watertrails Network,cbgn,,"DC,MD,NY,PA,VA,WV",https://www.nps.gov/cbgn/index.htm
Chesapeake Bay,Chesapeake Bay,cbpo,,"DC,DE,MD,NY,PA,VA,WV",https://www.nps.gov/cbpo/index.htm
Cedar Creek & Belle Grove National Historical Park,Cedar Creek & Belle Grove,cebe,National Historical Park,VA,https://www.nps.gov/cebe/index.htm
Cedar Breaks National Monument,Cedar Breaks,cebr,National Monument,UT,https://www.nps.gov/cebr/index.htm
César E. Chávez National Monument,César E. Chávez,cech,National Monument,CA,https://www.nps.gov/cech/index.htm
Chamizal National Memorial,Chamizal,cham,National Memorial,TX,https://www.nps.gov/cham/index.htm
Chattahoochee River National Recreation Area,Chattahoochee River,chat,National Recreation Area,GA,https://www.nps.gov/chat/index.htm
Chickamauga & Chattanooga National Military Park,Chickamauga & Chattanooga,chch,National Military Park,"GA,TN",https://www.nps.gov/chch/index.htm
Chaco Culture National Historical Park,Chaco Culture,chcu,National Historical Park,NM,https://www.nps.gov/chcu/index.htm
Chickasaw National Recreation Area,Chickasaw,chic,National Recreation Area,OK,https://www.nps.gov/chic/index.htm
Chiricahua National Monument,Chiricahua,chir,National Monument,AZ,https://www.nps.gov/chir/index.htm
Channel Islands National Park,Channel Islands,chis,National Park,CA,https://www.nps.gov/chis/index.htm
Chesapeake & Ohio Canal National Historical Park,Chesapeake & Ohio Canal,choh,National Historical Park,"DC,MD,WV",https://www.nps.gov/choh/index.htm
Charles Pinckney National Historic Site,Charles Pinckney,chpi,National Historic Site,SC,https://www.nps.gov/chpi/index.htm
Christiansted National Historic Site,Christiansted,chri,National Historic Site,VI,https://www.nps.gov/chri/index.htm
Little Rock Central High School National Historic Site,Little Rock Central High School,chsc,National Historic Site,AR,https://www.nps.gov/chsc/index.htm
Champlain Valley National Heritage Partnership,Champlain Valley,chva,National Heritage Partnership,"VT,NY",https://www.nps.gov/chva/index.htm
Charles Young Buffalo Soldiers National Monument,Charles Young Buffalo Soldiers,chyo,National Monument,OH,https://www.nps.gov/chyo/index.htm
City Of Rocks National Reserve,City Of Rocks,ciro,National Reserve,ID,https://www.nps.gov/ciro/index.htm
Clara Barton National Historic Site,Clara Barton,clba,National Historic Site,MD,https://www.nps.gov/clba/index.htm
Coal National Heritage Area,Coal,coal,National Heritage Area,WV,https://www.nps.gov/coal/index.htm
Constitution Gardens,Constitution Gardens,coga,,DC,https://www.nps.gov/coga/index.htm
Colorado National Monument,Colorado,colm,National Monument,CO,https://www.nps.gov/colm/index.htm
Colonial National Historical Park,Colonial,colo,National Historical Park,VA,https://www.nps.gov/colo/index.htm
Coltsville National Historical Park,Coltsville,colt,National Historical Park,CT,https://www.nps.gov/colt/index.htm
Congaree National Park,Congaree,cong,National Park,SC,https://www.nps.gov/cong/index.htm
Coronado National Memorial,Coronado,coro,National Memorial,AZ,https://www.nps.gov/coro/index.htm
Cowpens National Battlefield,Cowpens,cowp,National Battlefield,SC,https://www.nps.gov/cowp/index.htm
Cane River National Heritage Area,Cane River,crha,National Heritage Area,LA,https://www.nps.gov/crha/index.htm
Crater Lake National Park,Crater Lake,crla,National Park,OR,https://www.nps.gov/crla/index.htm
Craters Of The Moon National Monument & Preserve,Craters Of The Moon,crmo,National Monument & Preserve,ID,https://www.nps.gov/crmo/index.htm
Cumberland Gap National Historical Park,Cumberland Gap,cuga,National Historical Park,"KY,TN,VA",https://www.nps.gov/cuga/index.htm
Cumberland Island National Seashore,Cumberland Island,cuis,National Seashore,GA,https://www.nps.gov/cuis/index.htm
Curecanti National Recreation Area,Curecanti,cure,National Recreation Area,CO,https://www.nps.gov/cure/index.htm
Cuyahoga Valley National Park,Cuyahoga Valley,cuva,National Park,OH,https://www.nps.gov/cuva/index.htm
Civil War Defenses of Washington,Civil War Defenses of Washington,cwdw,,"DC,MD,VA",https://www.nps.gov/cwdw/index.htm
Dayton Aviation Heritage National Historical Park,Dayton Aviation Heritage,daav,National Historical Park,OH,https://www.nps.gov/daav/index.htm
David Berger National Memorial,David Berger,dabe,National Memorial,OH,https://www.nps.gov/dabe/index.htm
Delaware & Lehigh National Heritage Corridor,Delaware & Lehigh,dele,National Heritage Corridor,PA,https://www.nps.gov/dele/index.htm
Denali National Park & Preserve,Denali,dena,National Park & Preserve,AK,https://www.nps.gov/dena/index.htm
Devils Postpile National Monument,Devils Postpile,depo,National Monument,CA,https://www.nps.gov/depo/index.htm
De Soto National Memorial,De Soto,deso,National Memorial,FL,https://www.nps.gov/deso/index.htm
Devils Tower National Monument,Devils Tower,deto,National Monument,WY,https://www.nps.gov/deto/index.htm
Death Valley National Park,Death Valley,deva,National Park,"CA,NV",https://www.nps.gov/deva/index.htm
Delaware Water Gap National Recreation Area,Delaware Water Gap,dewa,National Recreation Area,"NJ,PA",https://www.nps.gov/dewa/index.htm
Dinosaur National Monument,Dinosaur,dino,National Monument,"CO,UT",https://www.nps.gov/dino/index.htm
Dry Tortugas National Park,Dry Tortugas,drto,National Park,FL,https://www.nps.gov/drto/index.htm
Ebey's Landing National Historical Reserve,Ebey's Landing,ebla,National Historical Reserve,WA,https://www.nps.gov/ebla/index.htm
Edgar Allan Poe National Historic Site,Edgar Allan Poe,edal,National Historic Site,PA,https://www.nps.gov/edal/index.htm
Thomas Edison National Historical Park,Thomas Edison,edis,National Historical Park,NJ,https://www.nps.gov/edis/index.htm
Effigy Mounds National Monument,Effigy Mounds,efmo,National Monument,IA,https://www.nps.gov/efmo/index.htm
Eisenhower National Historic Site,Eisenhower,eise,National Historic Site,PA,https://www.nps.gov/eise/index.htm
El Camino Real de Tierra Adentro National Historic Trail,El Camino Real de Tierra Adentro,elca,National Historic Trail,"NM,TX",https://www.nps.gov/elca/index.htm
Ellis Island Part of Statue of Liberty National Monument,Ellis Island,elis,Part of Statue of Liberty National Monument,"NJ,NY",https://www.nps.gov/elis/index.htm
El Malpais National Monument,El Malpais,elma,National Monument,NM,https://www.nps.gov/elma/index.htm
El Morro National Monument,El Morro,elmo,National Monument,NM,https://www.nps.gov/elmo/index.htm
Eleanor Roosevelt National Historic Site,Eleanor Roosevelt,elro,National Historic Site,NY,https://www.nps.gov/elro/index.htm
El Camino Real de los Tejas National Historic Trail,El Camino Real de los Tejas,elte,National Historic Trail,"TX,LA",https://www.nps.gov/elte/index.htm
Erie Canalway National Heritage Corridor,Erie Canalway,erie,National Heritage Corridor,NY,https://www.nps.gov/erie/index.htm
Essex National Heritage Area,Essex,esse,National Heritage Area,MA,https://www.nps.gov/esse/index.htm
Eugene O'Neill National Historic Site,Eugene O'Neill,euon,National Historic Site,CA,https://www.nps.gov/euon/index.htm
Everglades National Park,Everglades,ever,National Park,FL,https://www.nps.gov/ever/index.htm
Fallen Timbers Battlefield and Fort Miamis National Historic Site,Fallen Timbers Battlefield and Fort Miamis,fati,National Historic Site,OH,https://www.nps.gov/fati/index.htm
Federal Hall National Memorial,Federal Hall,feha,National Memorial,NY,https://www.nps.gov/feha/index.htm
Fire Island National Seashore,Fire Island,fiis,National Seashore,NY,https://www.nps.gov/fiis/index.htm
First Ladies National Historic Site,First Ladies,fila,National Historic Site,OH,https://www.nps.gov/fila/index.htm
Florissant Fossil Beds National Monument,Florissant Fossil Beds,flfo,National Monument,CO,https://www.nps.gov/flfo/index.htm
Flight 93 National Memorial,Flight 93,flni,National Memorial,PA,https://www.nps.gov/flni/index.htm
Fort Bowie National Historic Site,Fort Bowie,fobo,National Historic Site,AZ,https://www.nps.gov/fobo/index.htm
Fossil Butte National Monument,Fossil Butte,fobu,National Monument,WY,https://www.nps.gov/fobu/index.htm
Fort Davis National Historic Site,Fort Davis,foda,National Historic Site,TX,https://www.nps.gov/foda/index.htm
Fort Donelson National Battlefield,Fort Donelson,fodo,National Battlefield,"KY,TN",https://www.nps.gov/fodo/index.htm
Fort Dupont Park,Fort Dupont Park,fodu,,DC,https://www.nps.gov/fodu/index.htm
Fort Foote Park,Fort Foote,fofo,Park,MD,https://www.nps.gov/fofo/index.htm
Fort Frederica National Monument,Fort Frederica,fofr,National Monument,GA,https://www.nps.gov/fofr/index.htm
Fort Laramie National Historic Site,Fort Laramie,fola,National Historic Site,WY,https://www.nps.gov/fola/index.htm
Fort Larned National Historic Site,Fort Larned,fols,National Historic Site,KS,https://www.nps.gov/fols/index.htm
Fort Matanzas National Monument,Fort Matanzas,foma,National Monument,FL,https://www.nps.gov/foma/index.htm
Fort McHenry National Monument and Historic Shrine,Fort McHenry,fomc,National Monument and Historic Shrine,MD,https://www.nps.gov/fomc/index.htm
Fort Monroe National Monument,Fort Monroe,fomr,National Monument,VA,https://www.nps.gov/fomr/index.htm
Fort Necessity National Battlefield,Fort Necessity,fone,National Battlefield,PA,https://www.nps.gov/fone/index.htm
Fort Point National Historic Site,Fort Point,fopo,National Historic Site,CA,https://www.nps.gov/fopo/index.htm
Fort Pulaski National Monument,Fort Pulaski,fopu,National Monument,GA,https://www.nps.gov/fopu/index.htm
Fort Raleigh National Historic Site,Fort Raleigh,fora,National Historic Site,NC,https://www.nps.gov/fora/index.htm
Fort Scott National Historic Site,Fort Scott,fosc,National Historic Site,KS,https://www.nps.gov/fosc/index.htm
Fort Smith National Historic Site,Fort Smith,fosm,National Historic Site,"AR,OK",https://www.nps.gov/fosm/index.htm
Fort Stanwix National Monument,Fort Stanwix,fost,National Monument,NY,https://www.nps.gov/fost/index.htm
Fort Sumter and Fort Moultrie National Historical Park,Fort Sumter and Fort Moultrie,fosu,National Historical Park,SC,https://www.nps.gov/fosu/index.htm
Ford's Theatre,Ford's Theatre,foth,,DC,https://www.nps.gov/foth/index.htm
Fort Union National Monument,Fort Union,foun,National Monument,NM,https://www.nps.gov/foun/index.htm
Fort Union Trading Post National Historic Site,Fort Union Trading Post,fous,National Historic Site,"MT,ND",https://www.nps.gov/fous/index.htm
Fort Vancouver National Historic Site,Fort Vancouver,fova,National Historic Site,"OR,WA",https://www.nps.gov/fova/index.htm
Fort Washington Park,Fort Washington,fowa,Park,MD,https://www.nps.gov/fowa/index.htm
Franklin Delano Roosevelt Memorial,Franklin Delano Roosevelt Memorial,frde,,DC,https://www.nps.gov/frde/index.htm
Frederick Douglass National Historic Site,Frederick Douglass,frdo,National Historic Site,DC,https://www.nps.gov/frdo/index.htm
Friendship Hill National Historic Site,Friendship Hill,frhi,National Historic Site,PA,https://www.nps.gov/frhi/index.htm
Frederick Law Olmsted National Historic Site,Frederick Law Olmsted,frla,National Historic Site,MA,https://www.nps.gov/frla/index.htm
Freedom Riders National Monument,Freedom Riders,frri,National Monument,AL,https://www.nps.gov/frri/index.htm
Fredericksburg & Spotsylvania National Military Park,Fredericksburg & Spotsylvania,frsp,National Military Park,VA,https://www.nps.gov/frsp/index.htm
First State National Historical Park,First State,frst,National Historical Park,"DE,PA",https://www.nps.gov/frst/index.htm
Gates Of The Arctic National Park & Preserve,Gates Of The Arctic,gaar,National Park & Preserve,AK,https://www.nps.gov/gaar/index.htm
Gauley River National Recreation Area,Gauley River,gari,National Recreation Area,WV,https://www.nps.gov/gari/index.htm
Gateway National Recreation Area,Gateway,gate,National Recreation Area,"NY,NJ",https://www.nps.gov/gate/index.htm
General Grant National Memorial,General Grant,gegr,National Memorial,NY,https://www.nps.gov/gegr/index.htm
George Rogers Clark National Historical Park,George Rogers Clark,gero,National Historical Park,IN,https://www.nps.gov/gero/index.htm
Gettysburg National Military Park,Gettysburg,gett,National Military Park,PA,https://www.nps.gov/gett/index.htm
George Washington Birthplace National Monument,George Washington Birthplace,gewa,National Monument,VA,https://www.nps.gov/gewa/index.htm
Gila Cliff Dwellings National Monument,Gila Cliff Dwellings,gicl,National Monument,NM,https://www.nps.gov/gicl/index.htm
Glacier National Park,Glacier,glac,National Park,MT,https://www.nps.gov/glac/index.htm
Glacier Bay National Park & Preserve,Glacier Bay,glba,National Park & Preserve,AK,https://www.nps.gov/glba/index.htm
Glen Canyon National Recreation Area,Glen Canyon,glca,National Recreation Area,"AZ,UT",https://www.nps.gov/glca/index.htm
Gloria Dei Church National Historic Site,Gloria Dei Church,glde,National Historic Site,PA,https://www.nps.gov/glde/index.htm
Glen Echo Park,Glen Echo,glec,Park,MD,https://www.nps.gov/glec/index.htm
Golden Gate National Recreation Area,Golden Gate,goga,National Recreation Area,CA,https://www.nps.gov/goga/index.htm
Governors Island National Monument,Governors Island,gois,National Monument,NY,https://www.nps.gov/gois/index.htm
Golden Spike National Historical Park,Golden Spike,gosp,National Historical Park,UT,https://www.nps.gov/gosp/index.htm
Great Basin National Park,Great Basin,grba,National Park,NV,https://www.nps.gov/grba/index.htm
Grand Canyon National Park,Grand Canyon,grca,National Park,AZ,https://www.nps.gov/grca/index.htm
Greenbelt Park,Greenbelt,gree,Park,MD,https://www.nps.gov/gree/index.htm
Great Egg Harbor River,Great Egg Harbor River,greg,,NJ,https://www.nps.gov/greg/index.htm
Great Falls Park,Great Falls,grfa,Park,VA,https://www.nps.gov/grfa/index.htm
Grant-Kohrs Ranch National Historic Site,Grant-Kohrs Ranch,grko,National Historic Site,MT,https://www.nps.gov/grko/index.htm
Grand Portage National Monument,Grand Portage,grpo,National Monument,MN,https://www.nps.gov/grpo/index.htm
Great Sand Dunes National Park & Preserve,Great Sand Dunes,grsa,National Park & Preserve,CO,https://www.nps.gov/grsa/index.htm
Great Smoky Mountains National Park,Great Smoky Mountains,grsm,National Park,"NC,TN",https://www.nps.gov/grsm/index.htm
Green Springs,Green Springs,grsp,,VA,https://www.nps.gov/grsp/index.htm
Grand Teton National Park,Grand Teton,grte,National Park,WY,https://www.nps.gov/grte/index.htm
Guilford Courthouse National Military Park,Guilford Courthouse,guco,National Military Park,NC,https://www.nps.gov/guco/index.htm
Gullah/Geechee Cultural Heritage Corridor,Gullah/Geechee,guge,Cultural Heritage Corridor,"FL,GA,NC,SC",https://www.nps.gov/guge/index.htm
Gulf Islands National Seashore,Gulf Islands,guis,National Seashore,"FL,MS",https://www.nps.gov/guis/index.htm
Guadalupe Mountains National Park,Guadalupe Mountains,gumo,National Park,TX,https://www.nps.gov/gumo/index.htm
George Washington Carver National Monument,George Washington Carver,gwca,National Monument,MO,https://www.nps.gov/gwca/index.htm
George Washington Memorial Parkway,George Washington,gwmp,Memorial Parkway,"DC,MD,VA",https://www.nps.gov/gwmp/index.htm
Harpers Ferry National Historical Park,Harpers Ferry,hafe,National Historical Park,"WV,VA,MD",https://www.nps.gov/hafe/index.htm
Hagerman Fossil Beds National Monument,Hagerman Fossil Beds,hafo,National Monument,ID,https://www.nps.gov/hafo/index.htm
Hamilton Grange National Memorial,Hamilton Grange,hagr,National Memorial,NY,https://www.nps.gov/hagr/index.htm
Harmony Hall,Harmony Hall,haha,,MD,https://www.nps.gov/haha/index.htm
Haleakal&#257; National Park,Haleakal&#257;,hale,National Park,HI,https://www.nps.gov/hale/index.htm
Hampton National Historic Site,Hampton,hamp,National Historic Site,MD,https://www.nps.gov/hamp/index.htm
Harriet Tubman National Historical Park,Harriet Tubman,hart,National Historical Park,NY,https://www.nps.gov/hart/index.htm
Harriet Tubman Underground Railroad National Historical Park,Harriet Tubman Underground Railroad,hatu,National Historical Park,MD,https://www.nps.gov/hatu/index.htm
Hawai'i Volcanoes National Park,Hawai'i Volcanoes,havo,National Park,HI,https://www.nps.gov/havo/index.htm
Herbert Hoover National Historic Site,Herbert Hoover,heho,National Historic Site,IA,https://www.nps.gov/heho/index.htm
Horseshoe Bend National Military Park,Horseshoe Bend,hobe,National Military Park,AL,https://www.nps.gov/hobe/index.htm
Hopewell Culture National Historical Park,Hopewell Culture,hocu,National Historical Park,OH,https://www.nps.gov/hocu/index.htm
Home Of Franklin D Roosevelt National Historic Site,Home Of Franklin D Roosevelt,hofr,National Historic Site,NY,https://www.nps.gov/hofr/index.htm
Hopewell Furnace National Historic Site,Hopewell Furnace,hofu,National Historic Site,PA,https://www.nps.gov/hofu/index.htm
Homestead National Monument of America,Homestead,home,National Monument of America,NE,https://www.nps.gov/home/index.htm
Honouliuli National Historic Site,Honouliuli,hono,National Historic Site,HI,https://www.nps.gov/hono/index.htm
Hot Springs National Park,Hot Springs,hosp,National Park,AR,https://www.nps.gov/hosp/index.htm
Hovenweep National Monument,Hovenweep,hove,National Monument,"CO,UT",https://www.nps.gov/hove/index.htm
Harry S Truman National Historic Site,Harry S Truman,hstr,National Historic Site,MO,https://www.nps.gov/hstr/index.htm
Hudson River Valley National Heritage Area,Hudson River Valley,hurv,National Heritage Area,NY,https://www.nps.gov/hurv/index.htm
Hubbell Trading Post National Historic Site,Hubbell Trading Post,hutr,National Historic Site,AZ,https://www.nps.gov/hutr/index.htm
Ice Age Floods National Geologic Trail,Ice Age Floods,iafl,National Geologic Trail,"WA,OR,ID,MT",https://www.nps.gov/iafl/index.htm
Ice Age National Scenic Trail,Ice Age,iatr,National Scenic Trail,WI,https://www.nps.gov/iatr/index.htm
Independence National Historical Park,Independence,inde,National Historical Park,PA,https://www.nps.gov/inde/index.htm
Indiana Dunes National Park,Indiana Dunes,indu,National Park,IN,https://www.nps.gov/indu/index.htm
I&#241;upiat Heritage Center,I&#241;upiat Heritage Center,inup,,AK,https://www.nps.gov/inup/index.htm
Isle Royale National Park,Isle Royale,isro,National Park,MI,https://www.nps.gov/isro/index.htm
James A Garfield National Historic Site,James A Garfield,jaga,National Historic Site,OH,https://www.nps.gov/jaga/index.htm
Historic Jamestowne Part of Colonial National Historical Park,Historic Jamestowne,jame,Part of Colonial National Historical Park,VA,https://www.nps.gov/jame/index.htm
New Orleans Jazz National Historical Park,New Orleans Jazz,jazz,National Historical Park,LA,https://www.nps.gov/jazz/index.htm
Jewel Cave National Monument,Jewel Cave,jeca,National Monument,SD,https://www.nps.gov/jeca/index.htm
Gateway Arch National Park,Gateway Arch,jeff,National Park,MO,https://www.nps.gov/jeff/index.htm
Jean Lafitte National Historical Park and Preserve,Jean Lafitte,jela,National Historical Park and Preserve,LA,https://www.nps.gov/jela/index.htm
Jimmy Carter National Historic Site,Jimmy Carter,jica,National Historic Site,GA,https://www.nps.gov/jica/index.htm
John Day Fossil Beds National Monument,John Day Fossil Beds,joda,National Monument,OR,https://www.nps.gov/joda/index.htm
John Fitzgerald Kennedy National Historic Site,John Fitzgerald Kennedy,jofi,National Historic Site,MA,https://www.nps.gov/jofi/index.htm
Johnstown Flood National Memorial,Johnstown Flood,jofl,National Memorial,PA,https://www.nps.gov/jofl/index.htm
John Muir National Historic Site,John Muir,jomu,National Historic Site,CA,https://www.nps.gov/jomu/index.htm
Joshua Tree National Park,Joshua Tree,jotr,National Park,CA,https://www.nps.gov/jotr/index.htm
Journey Through Hallowed Ground National Heritage Area,Journey Through Hallowed Ground,jthg,National Heritage Area,"MD,PA,WV,VA",https://www.nps.gov/jthg/index.htm
Juan Bautista de Anza National Historic Trail,Juan Bautista de Anza,juba,National Historic Trail,"AZ,CA",https://www.nps.gov/juba/index.htm
Kaloko-Honok&#333;hau National Historical Park,Kaloko-Honok&#333;hau,kaho,National Historical Park,HI,https://www.nps.gov/kaho/index.htm
Kalaupapa National Historical Park,Kalaupapa,kala,National Historical Park,HI,https://www.nps.gov/kala/index.htm
Katmai National Park & Preserve,Katmai,katm,National Park & Preserve,AK,https://www.nps.gov/katm/index.htm
Katahdin Woods and Waters National Monument,Katahdin Woods and Waters,kaww,National Monument,ME,https://www.nps.gov/kaww/index.htm
Kenilworth Park & Aquatic Gardens,Kenilworth Park & Aquatic Gardens,keaq,,DC,https://www.nps.gov/keaq/index.htm
Kenai Fjords National Park,Kenai Fjords,kefj,National Park,AK,https://www.nps.gov/kefj/index.htm
Kennesaw Mountain National Battlefield Park,Kennesaw Mountain,kemo,National Battlefield Park,GA,https://www.nps.gov/kemo/index.htm
Keweenaw National Historical Park,Keweenaw,kewe,National Historical Park,MI,https://www.nps.gov/kewe/index.htm
Kings Mountain National Military Park,Kings Mountain,kimo,National Military Park,SC,https://www.nps.gov/kimo/index.htm
Klondike Gold Rush National Historical Park,Klondike Gold Rush,klgo,National Historical Park,AK,https://www.nps.gov/klgo/index.htm
Klondike Gold Rush - Seattle Unit National Historical Park,Klondike Gold Rush - Seattle Unit,klse,National Historical Park,WA,https://www.nps.gov/klse/index.htm
Knife River Indian Villages National Historic Site,Knife River Indian Villages,knri,National Historic Site,ND,https://www.nps.gov/knri/index.htm
Kobuk Valley National Park,Kobuk Valley,kova,National Park,AK,https://www.nps.gov/kova/index.htm
Korean War Veterans Memorial,Korean War Veterans Memorial,kowa,,DC,https://www.nps.gov/kowa/index.htm
Lava Beds National Monument,Lava Beds,labe,National Monument,CA,https://www.nps.gov/labe/index.htm
Lake Clark National Park & Preserve,Lake Clark,lacl,National Park & Preserve,AK,https://www.nps.gov/lacl/index.htm
Lake Mead National Recreation Area,Lake Mead,lake,National Recreation Area,"AZ,NV",https://www.nps.gov/lake/index.htm
Lake Meredith National Recreation Area,Lake Meredith,lamr,National Recreation Area,TX,https://www.nps.gov/lamr/index.htm
Lake Roosevelt National Recreation Area,Lake Roosevelt,laro,National Recreation Area,WA,https://www.nps.gov/laro/index.htm
Lassen Volcanic National Park,Lassen Volcanic,lavo,National Park,CA,https://www.nps.gov/lavo/index.htm
Lewis & Clark National Historic Trail,Lewis & Clark,lecl,National Historic Trail,"IA,ID,IL,IN,KS,KY,MO,MT,NE,ND,OH,OR,PA,SD,WA,WV",https://www.nps.gov/lecl/index.htm
Lewis and Clark National Historical Park,Lewis and Clark,lewi,National Historical Park,"OR,WA",https://www.nps.gov/lewi/index.htm
Little Bighorn Battlefield National Monument,Little Bighorn Battlefield,libi,National Monument,MT,https://www.nps.gov/libi/index.htm
Lincoln Boyhood National Memorial,Lincoln Boyhood,libo,National Memorial,IN,https://www.nps.gov/libo/index.htm
Lincoln Home National Historic Site,Lincoln Home,liho,National Historic Site,IL,https://www.nps.gov/liho/index.htm
Lincoln Memorial,Lincoln Memorial,linc,,DC,https://www.nps.gov/linc/index.htm
Little River Canyon National Preserve,Little River Canyon,liri,National Preserve,AL,https://www.nps.gov/liri/index.htm
Lower Delaware National Wild and Scenic River,Lower Delaware,lode,National Wild and Scenic River,"PA,NJ",https://www.nps.gov/lode/index.htm
Lower East Side Tenement Museum National Historic Site,Lower East Side Tenement Museum,loea,National Historic Site,NY,https://www.nps.gov/loea/index.htm
Longfellow House Washington's Headquarters National Historic Site,Longfellow House Washington's Headquarters,long,National Historic Site,MA,https://www.nps.gov/long/index.htm
Lowell National Historical Park,Lowell,lowe,National Historical Park,MA,https://www.nps.gov/lowe/index.htm
LBJ Memorial Grove on the Potomac,LBJ Memorial Grove on the Potomac,lyba,,DC,https://www.nps.gov/lyba/index.htm
Lyndon B Johnson National Historical Park,Lyndon B Johnson,lyjo,National Historical Park,TX,https://www.nps.gov/lyjo/index.htm
Maine Acadian Culture,Maine Acadian Culture,maac,,ME,https://www.nps.gov/maac/index.htm
Marsh - Billings - Rockefeller National Historical Park,Marsh - Billings - Rockefeller,mabi,National Historical Park,VT,https://www.nps.gov/mabi/index.htm
Mammoth Cave National Park,Mammoth Cave,maca,National Park,KY,https://www.nps.gov/maca/index.htm
"Martin Luther King, Jr. National Historical Park","Martin Luther King, Jr.",malu,National Historical Park,GA,https://www.nps.gov/malu/index.htm
Mary McLeod Bethune Council House National Historic Site,Mary McLeod Bethune Council House,mamc,National Historic Site,DC,https://www.nps.gov/mamc/index.htm
Manassas National Battlefield Park,Manassas,mana,National Battlefield Park,VA,https://www.nps.gov/mana/index.htm
Manzanar National Historic Site,Manzanar,manz,National Historic Site,CA,https://www.nps.gov/manz/index.htm
Manhattan Project National Historical Park,Manhattan Project,mapr,National Historical Park,"NM,WA,TN",https://www.nps.gov/mapr/index.htm
Martin Van Buren National Historic Site,Martin Van Buren,mava,National Historic Site,NY,https://www.nps.gov/mava/index.htm
Maggie L Walker National Historic Site,Maggie L Walker,mawa,National Historic Site,VA,https://www.nps.gov/mawa/index.htm
Mesa Verde National Park,Mesa Verde,meve,National Park,CO,https://www.nps.gov/meve/index.htm
Mississippi Delta National Heritage Area,Mississippi Delta,mide,National Heritage Area,MS,https://www.nps.gov/mide/index.htm
Mississippi Gulf National Heritage Area,Mississippi Gulf,migu,National Heritage Area,MS,https://www.nps.gov/migu/index.htm
Mississippi Hills National Heritage Area,Mississippi Hills,mihi,National Heritage Area,MS,https://www.nps.gov/mihi/index.htm
Minidoka National Historic Site,Minidoka,miin,National Historic Site,"ID,WA",https://www.nps.gov/miin/index.htm
Minute Man National Historical Park,Minute Man,mima,National Historical Park,MA,https://www.nps.gov/mima/index.htm
Minuteman Missile National Historic Site,Minuteman Missile,mimi,National Historic Site,SD,https://www.nps.gov/mimi/index.htm
Mill Springs Battlefield National Monument,Mill Springs Battlefield,misp,National Monument,KY,https://www.nps.gov/misp/index.htm
Mississippi National River and Recreation Area,Mississippi,miss,National River and Recreation Area,MN,https://www.nps.gov/miss/index.htm
"Martin Luther King, Jr. Memorial","Martin Luther King, Jr. Memorial",mlkm,,DC,https://www.nps.gov/mlkm/index.htm
Missouri National Recreational River,Missouri,mnrr,National Recreational River,"SD,NE",https://www.nps.gov/mnrr/index.htm
Montezuma Castle National Monument,Montezuma Castle,moca,National Monument,AZ,https://www.nps.gov/moca/index.htm
Moores Creek National Battlefield,Moores Creek,mocr,National Battlefield,NC,https://www.nps.gov/mocr/index.htm
Mojave National Preserve,Mojave,moja,National Preserve,CA,https://www.nps.gov/moja/index.htm
Monocacy National Battlefield,Monocacy,mono,National Battlefield,MD,https://www.nps.gov/mono/index.htm
Mormon Pioneer National Historic Trail,Mormon Pioneer,mopi,National Historic Trail,"IL,IA,NE,UT,WY",https://www.nps.gov/mopi/index.htm
Mount Rainier National Park,Mount Rainier,mora,National Park,WA,https://www.nps.gov/mora/index.htm
Morristown National Historical Park,Morristown,morr,National Historical Park,NJ,https://www.nps.gov/morr/index.htm
Mount Rushmore National Memorial,Mount Rushmore,moru,National Memorial,SD,https://www.nps.gov/moru/index.htm
Muscle Shoals National Heritage Area,Muscle Shoals,mush,National Heritage Area,AL,https://www.nps.gov/mush/index.htm
Muir Woods National Monument,Muir Woods,muwo,National Monument,CA,https://www.nps.gov/muwo/index.htm
Natural Bridges National Monument,Natural Bridges,nabr,National Monument,UT,https://www.nps.gov/nabr/index.htm
National Capital Parks-East,National Capital Parks-East,nace,,DC,https://www.nps.gov/nace/index.htm
National Mall and Memorial Parks,National Mall and Memorial Parks,nama,,DC,https://www.nps.gov/nama/index.htm
Natchez National Historical Park,Natchez,natc,National Historical Park,MS,https://www.nps.gov/natc/index.htm
Natchez Trace Parkway,Natchez Trace,natr,Parkway,"AL,MS,TN",https://www.nps.gov/natr/index.htm
Natchez Trace National Scenic Trail,Natchez Trace,natt,National Scenic Trail,"AL,MS,TN",https://www.nps.gov/natt/index.htm
Navajo National Monument,Navajo,nava,National Monument,AZ,https://www.nps.gov/nava/index.htm
New Bedford Whaling National Historical Park,New Bedford Whaling,nebe,National Historical Park,MA,https://www.nps.gov/nebe/index.htm
New England National Scenic Trail,New England,neen,National Scenic Trail,"MA,CT",https://www.nps.gov/neen/index.htm
Nez Perce National Historical Park,Nez Perce,nepe,National Historical Park,"ID,MT,OR,WA",https://www.nps.gov/nepe/index.htm
New River Gorge National River,New River Gorge,neri,National River,WV,https://www.nps.gov/neri/index.htm
Nicodemus National Historic Site,Nicodemus,nico,National Historic Site,KS,https://www.nps.gov/nico/index.htm
Niagara Falls National Heritage Area,Niagara Falls,nifa,National Heritage Area,NY,https://www.nps.gov/nifa/index.htm
Niobrara National Scenic River,Niobrara,niob,National Scenic River,NE,https://www.nps.gov/niob/index.htm
Ninety Six National Historic Site,Ninety Six,nisi,National Historic Site,SC,https://www.nps.gov/nisi/index.htm
Noatak National Preserve,Noatak,noat,National Preserve,AK,https://www.nps.gov/noat/index.htm
North Cascades National Park,North Cascades,noca,National Park,WA,https://www.nps.gov/noca/index.htm
North Country National Scenic Trail,North Country,noco,National Scenic Trail,"MI,MN,ND,NY,OH,PA,VT,WI",https://www.nps.gov/noco/index.htm
National Parks of New York Harbor,National Parks of New York Harbor,npnh,,NY,https://www.nps.gov/npnh/index.htm
National Park of American Samoa,National Park of American Samoa,npsa,,AS,https://www.nps.gov/npsa/index.htm
Obed Wild & Scenic River,Obed,obed,Wild & Scenic River,TN,https://www.nps.gov/obed/index.htm
Ocmulgee Mounds National Historical Park,Ocmulgee Mounds,ocmu,National Historical Park,GA,https://www.nps.gov/ocmu/index.htm
Oil Region National Heritage Area,Oil Region,oire,National Heritage Area,PA,https://www.nps.gov/oire/index.htm
Oklahoma City National Memorial,Oklahoma City,okci,National Memorial,OK,https://www.nps.gov/okci/index.htm
Old Spanish National Historic Trail,Old Spanish,olsp,National Historic Trail,"AZ,CA,CO,NV,NM,UT",https://www.nps.gov/olsp/index.htm
Olympic National Park,Olympic,olym,National Park,WA,https://www.nps.gov/olym/index.htm
Oregon Caves National Monument & Preserve,Oregon Caves,orca,National Monument & Preserve,OR,https://www.nps.gov/orca/index.htm
Oregon National Historic Trail,Oregon,oreg,National Historic Trail,"ID,KS,MO,NE,OR,WA,WY",https://www.nps.gov/oreg/index.htm
Organ Pipe Cactus National Monument,Organ Pipe Cactus,orpi,National Monument,AZ,https://www.nps.gov/orpi/index.htm
Overmountain Victory National Historic Trail,Overmountain Victory,ovvi,National Historic Trail,"NC,SC,TN,VA",https://www.nps.gov/ovvi/index.htm
Oxon Cove  Park & Oxon Hill Farm,Oxon Cove  Park & Oxon Hill Farm,oxhi,,MD,https://www.nps.gov/oxhi/index.htm
Ozark National Scenic Riverways,Ozark,ozar,National Scenic Riverways,MO,https://www.nps.gov/ozar/index.htm
Palo Alto Battlefield National Historical Park,Palo Alto Battlefield,paal,National Historical Park,TX,https://www.nps.gov/paal/index.htm
Pennsylvania Avenue,Pennsylvania Avenue,paav,,DC,https://www.nps.gov/paav/index.htm
Paterson Great Falls National Historical Park,Paterson Great Falls,pagr,National Historical Park,NJ,https://www.nps.gov/pagr/index.htm
Padre Island National Seashore,Padre Island,pais,National Seashore,TX,https://www.nps.gov/pais/index.htm
Parashant National Monument,Parashant,para,National Monument,AZ,https://www.nps.gov/para/index.htm
Pecos National Historical Park,Pecos,peco,National Historical Park,NM,https://www.nps.gov/peco/index.htm
Petrified Forest National Park,Petrified Forest,pefo,National Park,AZ,https://www.nps.gov/pefo/index.htm
Pea Ridge National Military Park,Pea Ridge,peri,National Military Park,AR,https://www.nps.gov/peri/index.htm
Petersburg National Battlefield,Petersburg,pete,National Battlefield,VA,https://www.nps.gov/pete/index.htm
Petroglyph National Monument,Petroglyph,petr,National Monument,NM,https://www.nps.gov/petr/index.htm
Perry's Victory & International Peace Memorial,Perry's Victory & International Peace,pevi,Memorial,OH,https://www.nps.gov/pevi/index.htm
Hohokam Pima National Monument,Hohokam Pima,pima,National Monument,AZ,https://www.nps.gov/pima/index.htm
New Jersey Pinelands National Reserve,New Jersey Pinelands,pine,National Reserve,NJ,https://www.nps.gov/pine/index.htm
Pinnacles National Park,Pinnacles,pinn,National Park,CA,https://www.nps.gov/pinn/index.htm
Pipestone National Monument,Pipestone,pipe,National Monument,MN,https://www.nps.gov/pipe/index.htm
Pictured Rocks National Lakeshore,Pictured Rocks,piro,National Lakeshore,MI,https://www.nps.gov/piro/index.htm
Piscataway Park,Piscataway,pisc,Park,MD,https://www.nps.gov/pisc/index.htm
Pipe Spring National Monument,Pipe Spring,pisp,National Monument,AZ,https://www.nps.gov/pisp/index.htm
Port Chicago Naval Magazine National Memorial,Port Chicago Naval Magazine,poch,National Memorial,CA,https://www.nps.gov/poch/index.htm
Pony Express National Historic Trail,Pony Express,poex,National Historic Trail,"CA,CO,KS,MO,NE,NV,UT,WY",https://www.nps.gov/poex/index.htm
Potomac Heritage National Scenic Trail,Potomac Heritage,pohe,National Scenic Trail,"DC,MD,PA,VA",https://www.nps.gov/pohe/index.htm
Poverty Point National Monument,Poverty Point,popo,National Monument,LA,https://www.nps.gov/popo/index.htm
Point Reyes National Seashore,Point Reyes,pore,National Seashore,CA,https://www.nps.gov/pore/index.htm
Presidio of San Francisco,Presidio of San Francisco,prsf,,CA,https://www.nps.gov/prsf/index.htm
Prince William Forest Park,Prince William Forest,prwi,Park,VA,https://www.nps.gov/prwi/index.htm
Pu`ukohol&#257; Heiau National Historic Site,Pu`ukohol&#257; Heiau,puhe,National Historic Site,HI,https://www.nps.gov/puhe/index.htm
Puʻuhonua o Hōnaunau National Historical Park,Puʻuhonua o Hōnaunau,puho,National Historical Park,HI,https://www.nps.gov/puho/index.htm
Pullman National Monument,Pullman,pull,National Monument,IL,https://www.nps.gov/pull/index.htm
The Last Green Valley National Heritage Corridor,The Last Green Valley,qush,National Heritage Corridor,"CT,MA",https://www.nps.gov/qush/index.htm
Rainbow Bridge National Monument,Rainbow Bridge,rabr,National Monument,UT,https://www.nps.gov/rabr/index.htm
Redwood National and State Parks,Redwood,redw,National and State Parks,CA,https://www.nps.gov/redw/index.htm
Reconstruction Era National Historical Park,Reconstruction Era,reer,National Historical Park,SC,https://www.nps.gov/reer/index.htm
Richmond National Battlefield Park,Richmond,rich,National Battlefield Park,VA,https://www.nps.gov/rich/index.htm
Rio Grande Wild & Scenic River,Rio Grande,rigr,Wild & Scenic River,TX,https://www.nps.gov/rigr/index.htm
River Raisin National Battlefield Park,River Raisin,rira,National Battlefield Park,MI,https://www.nps.gov/rira/index.htm
Rivers Of Steel National Heritage Area,Rivers Of Steel,rist,National Heritage Area,PA,https://www.nps.gov/rist/index.htm
Roosevelt Campobello International Park,Roosevelt Campobello,roca,International Park,ME,https://www.nps.gov/roca/index.htm
Rock Creek Park,Rock Creek,rocr,Park,DC,https://www.nps.gov/rocr/index.htm
Rocky Mountain National Park,Rocky Mountain,romo,National Park,CO,https://www.nps.gov/romo/index.htm
Rosie the Riveter WWII Home Front National Historical Park,Rosie the Riveter WWII Home Front,rori,National Historical Park,CA,https://www.nps.gov/rori/index.htm
Roger Williams National Memorial,Roger Williams,rowi,National Memorial,RI,https://www.nps.gov/rowi/index.htm
Russell Cave National Monument,Russell Cave,ruca,National Monument,AL,https://www.nps.gov/ruca/index.htm
San Antonio Missions National Historical Park,San Antonio Missions,saan,National Historical Park,TX,https://www.nps.gov/saan/index.htm
Saint Croix National Scenic Riverway,Saint Croix,sacn,National Scenic Riverway,"WI,MN",https://www.nps.gov/sacn/index.htm
Saint Croix Island International Historic Site,Saint Croix Island,sacr,International Historic Site,ME,https://www.nps.gov/sacr/index.htm
Santa Fe National Historic Trail,Santa Fe,safe,National Historic Trail,"CO,KS,MO,NM,OK",https://www.nps.gov/safe/index.htm
San Francisco Maritime National Historical Park,San Francisco Maritime,safr,National Historical Park,CA,https://www.nps.gov/safr/index.htm
Saint-Gaudens National Historical Park,Saint-Gaudens,saga,National Historical Park,NH,https://www.nps.gov/saga/index.htm
Saguaro National Park,Saguaro,sagu,National Park,AZ,https://www.nps.gov/sagu/index.htm
Sagamore Hill National Historic Site,Sagamore Hill,sahi,National Historic Site,NY,https://www.nps.gov/sahi/index.htm
Saugus Iron Works National Historic Site,Saugus Iron Works,sair,National Historic Site,MA,https://www.nps.gov/sair/index.htm
San Juan Island National Historical Park,San Juan Island,sajh,National Historical Park,WA,https://www.nps.gov/sajh/index.htm
San Juan National Historic Site,San Juan,saju,National Historic Site,PR,https://www.nps.gov/saju/index.htm
Salem Maritime National Historic Site,Salem Maritime,sama,National Historic Site,MA,https://www.nps.gov/sama/index.htm
Santa Monica Mountains National Recreation Area,Santa Monica Mountains,samo,National Recreation Area,CA,https://www.nps.gov/samo/index.htm
Sand Creek Massacre National Historic Site,Sand Creek Massacre,sand,National Historic Site,CO,https://www.nps.gov/sand/index.htm
Saint Paul's Church National Historic Site,Saint Paul's Church,sapa,National Historic Site,NY,https://www.nps.gov/sapa/index.htm
Salinas Pueblo Missions National Monument,Salinas Pueblo Missions,sapu,National Monument,NM,https://www.nps.gov/sapu/index.htm
Saratoga National Historical Park,Saratoga,sara,National Historical Park,NY,https://www.nps.gov/sara/index.htm
Salt River Bay National Historical Park and Ecological Preserve,Salt River Bay,sari,National Historical Park and Ecological Preserve,VI,https://www.nps.gov/sari/index.htm
Scotts Bluff National Monument,Scotts Bluff,scbl,National Monument,NE,https://www.nps.gov/scbl/index.htm
Schuylkill River Valley National Heritage Area,Schuylkill River Valley,scrv,National Heritage Area,PA,https://www.nps.gov/scrv/index.htm
Sequoia & Kings Canyon National Parks,Sequoia & Kings Canyon,seki,National Parks,CA,https://www.nps.gov/seki/index.htm
Selma To Montgomery National Historic Trail,Selma To Montgomery,semo,National Historic Trail,AL,https://www.nps.gov/semo/index.htm
Shenandoah National Park,Shenandoah,shen,National Park,VA,https://www.nps.gov/shen/index.htm
Shiloh National Military Park,Shiloh,shil,National Military Park,"TN,MS",https://www.nps.gov/shil/index.htm
Shenandoah Valley Battlefields National Historic District,Shenandoah Valley Battlefields,shvb,National Historic District,VA,https://www.nps.gov/shvb/index.htm
Sitka National Historical Park,Sitka,sitk,National Historical Park,AK,https://www.nps.gov/sitk/index.htm
Sleeping Bear Dunes National Lakeshore,Sleeping Bear Dunes,slbe,National Lakeshore,MI,https://www.nps.gov/slbe/index.htm
South Carolina National Heritage Corridor,South Carolina,soca,National Heritage Corridor,SC,https://www.nps.gov/soca/index.htm
Springfield Armory National Historic Site,Springfield Armory,spar,National Historic Site,MA,https://www.nps.gov/spar/index.htm
Steamtown National Historic Site,Steamtown,stea,National Historic Site,PA,https://www.nps.gov/stea/index.htm
Statue Of Liberty National Monument,Statue Of Liberty,stli,National Monument,NY,https://www.nps.gov/stli/index.htm
Stonewall National Monument,Stonewall,ston,National Monument,NY,https://www.nps.gov/ston/index.htm
Stones River National Battlefield,Stones River,stri,National Battlefield,TN,https://www.nps.gov/stri/index.htm
Star-Spangled Banner National Historic Trail,Star-Spangled Banner,stsp,National Historic Trail,"MD,VA,DC",https://www.nps.gov/stsp/index.htm
Sunset Crater Volcano National Monument,Sunset Crater Volcano,sucr,National Monument,AZ,https://www.nps.gov/sucr/index.htm
Tallgrass Prairie National Preserve,Tallgrass Prairie,tapr,National Preserve,KS,https://www.nps.gov/tapr/index.htm
Tennessee Civil War National Heritage Area,Tennessee Civil War,tecw,National Heritage Area,TN,https://www.nps.gov/tecw/index.htm
Thomas Cole National Historic Site,Thomas Cole,thco,National Historic Site,NY,https://www.nps.gov/thco/index.htm
Theodore Roosevelt Island,Theodore Roosevelt Island,this,,DC,https://www.nps.gov/this/index.htm
Thomas Jefferson Memorial,Thomas Jefferson Memorial,thje,,DC,https://www.nps.gov/thje/index.htm
Thaddeus Kosciuszko National Memorial,Thaddeus Kosciuszko,thko,National Memorial,PA,https://www.nps.gov/thko/index.htm
Theodore Roosevelt Birthplace National Historic Site,Theodore Roosevelt Birthplace,thrb,National Historic Site,NY,https://www.nps.gov/thrb/index.htm
Theodore Roosevelt Inaugural National Historic Site,Theodore Roosevelt Inaugural,thri,National Historic Site,NY,https://www.nps.gov/thri/index.htm
Theodore Roosevelt National Park,Theodore Roosevelt,thro,National Park,ND,https://www.nps.gov/thro/index.htm
Thomas Stone National Historic Site,Thomas Stone,thst,National Historic Site,MD,https://www.nps.gov/thst/index.htm
Timpanogos Cave National Monument,Timpanogos Cave,tica,National Monument,UT,https://www.nps.gov/tica/index.htm
Timucuan Ecological & Historic Preserve,Timucuan,timu,Ecological & Historic Preserve,FL,https://www.nps.gov/timu/index.htm
Tonto National Monument,Tonto,tont,National Monument,AZ,https://www.nps.gov/tont/index.htm
Touro Synagogue National Historic Site,Touro Synagogue,tosy,National Historic Site,RI,https://www.nps.gov/tosy/index.htm
Trail Of Tears National Historic Trail,Trail Of Tears,trte,National Historic Trail,"AL,AR,GA,IL,KY,MO,NC,OK,TN",https://www.nps.gov/trte/index.htm
Tuskegee Airmen National Historic Site,Tuskegee Airmen,tuai,National Historic Site,AL,https://www.nps.gov/tuai/index.htm
Tuskegee Institute National Historic Site,Tuskegee Institute,tuin,National Historic Site,AL,https://www.nps.gov/tuin/index.htm
Tule Lake National Monument,Tule Lake,tule,National Monument,CA,https://www.nps.gov/tule/index.htm
Tumacácori National Historical Park,Tumacácori,tuma,National Historical Park,AZ,https://www.nps.gov/tuma/index.htm
Tupelo National Battlefield,Tupelo,tupe,National Battlefield,MS,https://www.nps.gov/tupe/index.htm
Tule Springs Fossil Beds National Monument,Tule Springs Fossil Beds,tusk,National Monument,NV,https://www.nps.gov/tusk/index.htm
Tuzigoot National Monument,Tuzigoot,tuzi,National Monument,AZ,https://www.nps.gov/tuzi/index.htm
Ulysses S Grant National Historic Site,Ulysses S Grant,ulsg,National Historic Site,MO,https://www.nps.gov/ulsg/index.htm
Upper Delaware Scenic & Recreational River,Upper Delaware,upde,Scenic & Recreational River,"NY,PA",https://www.nps.gov/upde/index.htm
Valley Forge National Historical Park,Valley Forge,vafo,National Historical Park,PA,https://www.nps.gov/vafo/index.htm
Valles Caldera National Preserve,Valles Caldera,vall,National Preserve,NM,https://www.nps.gov/vall/index.htm
Pearl Harbor National Memorial,Pearl Harbor,valr,National Memorial,HI,https://www.nps.gov/valr/index.htm
Vanderbilt Mansion National Historic Site,Vanderbilt Mansion,vama,National Historic Site,NY,https://www.nps.gov/vama/index.htm
Vicksburg National Military Park,Vicksburg,vick,National Military Park,"MS,LA",https://www.nps.gov/vick/index.htm
Virgin Islands Coral Reef National Monument,Virgin Islands Coral Reef,vicr,National Monument,VI,https://www.nps.gov/vicr/index.htm
Virgin Islands National Park,Virgin Islands,viis,National Park,VI,https://www.nps.gov/viis/index.htm
Vietnam Veterans Memorial,Vietnam Veterans,vive,Memorial,DC,https://www.nps.gov/vive/index.htm
Voyageurs National Park,Voyageurs,voya,National Park,MN,https://www.nps.gov/voya/index.htm
Washita Battlefield National Historic Site,Washita Battlefield,waba,National Historic Site,OK,https://www.nps.gov/waba/index.htm
Walnut Canyon National Monument,Walnut Canyon,waca,National Monument,AZ,https://www.nps.gov/waca/index.htm
Waco Mammoth National Monument,Waco Mammoth,waco,National Monument,TX,https://www.nps.gov/waco/index.htm
Washington Monument,Washington Monument,wamo,,DC,https://www.nps.gov/wamo/index.htm
War In The Pacific National Historical Park,War In The Pacific,wapa,National Historical Park,GU,https://www.nps.gov/wapa/index.htm
Washington-Rochambeau Revolutionary Route National Historic Trail,Washington-Rochambeau Revolutionary Route,waro,National Historic Trail,"MA,RI,CT,NY,NJ,PA,DE,MD,VA,DC",https://www.nps.gov/waro/index.htm
Weir Farm National Historic Site,Weir Farm,wefa,National Historic Site,CT,https://www.nps.gov/wefa/index.htm
Wheeling National Heritage Area,Wheeling,whee,National Heritage Area,WV,https://www.nps.gov/whee/index.htm
President's Park (White House),President's Park (White House),whho,,DC,https://www.nps.gov/whho/index.htm
Whiskeytown National Recreation Area,Whiskeytown,whis,National Recreation Area,CA,https://www.nps.gov/whis/index.htm
Whitman Mission National Historic Site,Whitman Mission,whmi,National Historic Site,WA,https://www.nps.gov/whmi/index.htm
White Sands National Park,White Sands,whsa,National Park,NM,https://www.nps.gov/whsa/index.htm
Wind Cave National Park,Wind Cave,wica,National Park,SD,https://www.nps.gov/wica/index.htm
President William Jefferson Clinton Birthplace Home National Historic Site,President William Jefferson Clinton Birthplace Home,wicl,National Historic Site,AR,https://www.nps.gov/wicl/index.htm
Wilson's Creek National Battlefield,Wilson's Creek,wicr,National Battlefield,MO,https://www.nps.gov/wicr/index.htm
William Howard Taft National Historic Site,William Howard Taft,wiho,National Historic Site,OH,https://www.nps.gov/wiho/index.htm
Wing Luke Museum Affiliated Area,Wing Luke Museum,wing,Affiliated Area,WA,https://www.nps.gov/wing/index.htm
Women's Rights National Historical Park,Women's Rights,wori,National Historical Park,NY,https://www.nps.gov/wori/index.htm
Wolf Trap National Park for the Performing Arts,Wolf Trap National Park for the Performing Arts,wotr,,VA,https://www.nps.gov/wotr/index.htm
Wright Brothers National Memorial,Wright Brothers,wrbr,National Memorial,NC,https://www.nps.gov/wrbr/index.htm
Wrangell - St Elias National Park & Preserve,Wrangell - St Elias,wrst,National Park & Preserve,AK,https://www.nps.gov/wrst/index.htm
Wupatki National Monument,Wupatki,wupa,National Monument,AZ,https://www.nps.gov/wupa/index.htm
World War II Memorial,World War II Memorial,wwii,,DC,https://www.nps.gov/wwii/index.htm
Crossroads of the American Revolution National Heritage Area,Crossroads of the American Revolution,xrds,National Heritage Area,NJ,https://www.nps.gov/xrds/index.htm
Yellowstone National Park,Yellowstone,yell,National Park,"ID,MT,WY",https://www.nps.gov/yell/index.htm
Yorktown Battlefield Part of Colonial National Historical Park,Yorktown Battlefield,york,Part of Colonial National Historical Park,VA,https://www.nps.gov/york/index.htm
Yosemite National Park,Yosemite,yose,National Park,CA,https://www.nps.gov/yose/index.htm
Yukon - Charley Rivers National Preserve,Yukon - Charley Rivers,yuch,National Preserve,AK,https://www.nps.gov/yuch/index.htm
Yucca House National Monument,Yucca House,yuho,National Monument,CO,https://www.nps.gov/yuho/index.htm
Zion National Park,Zion,zion,National Park,UT,https://www.nps.gov/zion/index.htm